quantity_cc,blood_type,website
12500,A-,www.al-arc.com
3250,O+,www.al-bainc.com
4000,AB+,www.al-lcbc.com
5000,B+,www.al-ubs.com
6000,A+,www.ak-bba.com
1000,AB-,www.az-arc.com
1750,O-,www.az-ubs.com
3000,B-,www.ar-arc.com
2250,B+,www.ar-cbco.com
11500,A+,www.ar-life.com
5750,O+,www.ar-ubs.com
750,B+,www.ca-arc.com
2500,A-,www.ca-ls.com
3250,O+,www.ca-bbr.com
1500,AB+,www.ca-bcp.com
1250,B+,www.ca-bs.com
3500,A+,www.ca-ccbc.com
3750,AB-,www.ca-cbb.com
1500,O-,www.ca-dbb.com
750,B-,www.ca-hc.com
750,B+,www.ca-hvbb.com
2750,A+,www.ca-sdbb.com
1500,O+,www.ca-mcbc.com
1500,B+,www.ca-ncbb.com
2250,A-,www.ca-ubs.com
3500,O+,www.co-bbc.com
1500,AB+,www.co-ubs.com
3000,B+,www.co-chc.com
1250,A+,www.ct-arc.com
2000,AB-,www.de-bbd.com
3500,O-,www.fl-tba.com
2500,B-,www.fl-cbcsf.com
2500,B+,www.fl-ob.com
2250,A+,www.fl-fbc.com
4000,O+,www.fl-lcbc.com
2000,B+,www.fl.nfbc.com
3000,A-,www.fl-usbb.com
1500,O+,www.fl-scbc.com
3500,AB+,www.fl-scbb.com
1750,B+,www.fl-rbcc.com
3250,A+,www.ga-arc.com
1250,AB-,www.ga-bai.com
1250,O-,www.ga-lcbc.com
1250,B-,www.ga-scbc.com
5000,B+,www.ga-scbc.com
2250,A+,www.hi-bbh.com
2250,O+,www.id-arc.com
500,B+,www.id-inbc.com
500,A-,www.il-arc.com
500,O+,www.il-cicbc.com
2750,AB+,www.il-cbsi.com
2750,B+,www.il-hbc.com
1500,A+,www.il-ls.com
3000,AB-,www.il-mvrbc.com
1250,O-,www.il-rrvbc.com
4750,B-,www.in-arc.com
2000,B+,www.in-cbc.com
1750,A+,www-in-hbc.com
4000,O+,www.in-ibc.com
1500,B+,www.in-sbmf.com
1750,A-,www.ia-lbc.com
2000,O+,www.mvrbc.com
2500,AB+,www.ia-scbb.com
1250,B+,www.ks-arc.com
750,A+,www.ks-cbc.com
4000,AB-,www.ky-arc.com
1000,O-,www.ky-hbc.com
500,B-,www.ky-kbc.com
1750,B+,www.ky-wkrbc.com
2250,A+,www.la-tbc.com
1000,O+,www.la-lbc.com
1000,B+,www.la-ubs.com
4250,A-,www.me-arc.com
500,O+,www.me-hc.com
500,AB+,www.md-arc.com
500,B+,www.md-bbd.com
1000,A+,www.ma-arc.com
500,AB-,www.mi-arc.com
500,O-,www.mi-mb.com
500,B-,www.mn-arc.com
1500,B+,www.mn-mbc.com
1000,A+,www.ms-tbc.com
1000,O+,www.ms-lb.com
1000,B+,www.ms-mbs.com
1500,A-,www.ms-ubs.com
1500,O+,www.mo-arc.com
500,AB+,www.mo-cbc.com
500,B+,www.mo-cbco.com
500,A+,www.mo-mvrbc.com
1750,AB-,www.mt-arc.com
500,O-,www.mt-ubs.com
500,B-,www.ne-arc.com
500,B+,www.ne-cbb.com
500,A+,www.nv-ubs.com
2750,O+,www.nh-arc.com
1750,B+,www.nj-tbcnj.com
4250,A-,www.nj-cjbc.com
2250,O+,www.nj-cbs.com
1000,AB+,www.nj-nybc.com
1750,B+,www.nm-ubs.com
2000,A+,www.ny-arc.com
3250,AB-,www.ny-cbbnpwny.com
2250,O-,www.ny-cbs.com
1250,B-,www.ny-hc.com
1250,B+,www.ny-nybc.com
4250,A+,www.ny-un.com
2000,O+,www.nc-urbs.com
1250,B+,www.nc-cbcc.com
750,A-,www.nc-arc.com
2500,O+,www.nd-ubs.com
1250,AB+,www.oh-arc.com
2250,B+,www.oh-cbc.com
1250,A+,www.oh-hbc.com
2000,AB-,www.oh-lcbs.com
3000,O-,www.ok-arc.com
6000,B-,www.ok-obi.com
1750,B+,www.or-arc.com
2750,A+,www.or-lbcbn.com
1750,O+,www.pa-arc.com
2750,B+,www.pa-cbb.com
750,A-,www.pa-cpbb.com
1250,O+,www.pa-cbbnpwny.com
1500,AB+,www.pa-kbb.com
1250,B+,www.ri-ribc.com
1000,A+,www.sc-cbcc.com
1250,AB-,www.sc-arc.com
2000,O-,www.sc-tba.com
1000,B-,www.sc-tbci.com
2000,B+,www.sc-pbc.com
500,A+,www.sc-scbc.com
1250,O+,www.sd-ubs.com
3000,B+,www.tn-arc.com
500,A-,www.tn-bai.com
1500,O+,www.tn-lb.com
2750,AB+,www.tn-lbs.com
750,B+,www.tn-mrbc.com
1250,A+,www.tx-tbchgcrbc.com
3000,AB-,www.tx-btcct.com
1250,O-,www.tx-cb.com
500,B-,www.tx-cbbc.com
2250,B+,www.tx-cmbc.com
3500,A+,www.tx-gcrbc.com
750,O+,www.tx-lbc.com
750,B+,www.tx-stbtc.com
500,A-,www.tx-tbi.com
750,O+,www.tx-trbc.com
750,AB+,www.tx-ubc.com
500,B+,www.ut-arc.com
500,A+,www.ut-absal.com
500,AB-,www.ut-msbs.com
1750,O-,www.vt-arc.com
1500,B-,www.vt-uvi.com
2750,B+,www.va-arc.com
250,A+,www.va-bbd.com
250,O+,www.va-ibds.com
250,B+,www.va-jmh.com
250,A-,www.va-vbs.com
250,O+,www.wa-arc.com
250,AB+,www.wa-bn.com
250,B+,www.wa-crbs.com
250,A+,www.wa-inbc.com
250,AB-,www.wv-cbb.com
250,O-,www.wi-arc.com
250,B-,www.wi-bcw.com
250,B+,www.wi-cbc.com
250,A+,www.wi-mbc.com
250,O+,www.wi-mvrbc.com
250,B+,www.wy-ubs.com
250,A-,www.al-arc.com
250,O+,www.al-bainc.com
250,AB+,www.al-lcbc.com
250,B+,www.al-ubs.com
250,A+,www.ak-bba.com
250,AB-,www.az-arc.com
250,O-,www.az-ubs.com
2500,B-,www.ar-arc.com
1000,B+,www.ar-cbco.com
1250,A+,www.ar-life.com
1500,O+,www.ar-ubs.com
750,B+,www.ca-arc.com
1000,A-,www.ca-ls.com
1000,O+,www.ca-bbr.com
1000,AB+,www.ca-bcp.com
3000,B+,www.ca-bs.com
2000,A+,www.ca-ccbc.com
2250,AB-,www.ca-cbb.com
1250,O-,www.ca-dbb.com
1000,B-,www.ca-hc.com
3750,B+,www.ca-hvbb.com
1250,A+,www.ca-sdbb.com
1750,O+,www.ca-mcbc.com
1750,B+,www.ca-ncbb.com
1000,A-,www.ca-ubs.com
2750,O+,www.co-bbc.com
500,AB+,www.co-ubs.com
1250,B+,www.co-chc.com
2000,A+,www.ct-arc.com
1500,AB-,www.de-bbd.com
1750,O-,www.fl-tba.com
2250,B-,www.fl-cbcsf.com
1500,B+,www.fl-ob.com
1750,A+,www.fl-fbc.com
500,O+,www.fl-lcbc.com
1750,B+,www.fl.nfbc.com
2250,A-,www.fl-usbb.com
1500,O+,www.fl-scbc.com
500,AB+,www.fl-scbb.com
1750,B+,www.fl-rbcc.com
1500,A+,www.ga-arc.com
750,AB-,www.ga-bai.com
250,O-,www.ga-lcbc.com
250,B-,www.ga-scbc.com
250,B+,www.ga-scbc.com
250,A+,www.hi-bbh.com
250,O+,www.id-arc.com
250,B+,www.id-inbc.com
250,A-,www.il-arc.com
250,O+,www.il-cicbc.com
250,AB+,www.il-cbsi.com
250,B+,www.il-hbc.com
250,A+,www.il-ls.com
250,AB-,www.il-mvrbc.com
250,O-,www.il-rrvbc.com
250,B-,www.in-arc.com
250,B+,www.in-cbc.com
250,A+,www-in-hbc.com
250,O+,www.in-ibc.com
750,B+,www.in-sbmf.com
250,A-,www.ia-lbc.com
250,O+,www.mvrbc.com
250,AB+,www.ia-scbb.com
250,B+,www.ks-arc.com
250,A+,www.ks-cbc.com
2000,AB-,www.ky-arc.com
1750,O-,www.ky-hbc.com
2500,B-,www.ky-kbc.com
750,B+,www.ky-wkrbc.com
500,A+,www.la-tbc.com
1000,O+,www.la-lbc.com
2250,B+,www.la-ubs.com
2000,A-,www.me-arc.com
5500,O+,www.me-hc.com
750,AB+,www.md-arc.com
4250,B+,www.md-bbd.com
500,A+,www.ma-arc.com
1250,AB-,www.mi-arc.com
3000,O-,www.mi-mb.com
3000,B-,www.mn-arc.com
500,B+,www.mn-mbc.com
500,A+,www.ms-tbc.com
500,O+,www.ms-lb.com
1500,B+,www.ms-mbs.com
2000,A-,www.ms-ubs.com
750,O+,www.mo-arc.com
3250,AB+,www.mo-cbc.com
750,B+,www.mo-cbco.com
2000,A+,www.mo-mvrbc.com
1750,AB-,www.mt-arc.com
750,O-,www.mt-ubs.com
3000,B-,www.ne-arc.com
1000,B+,www.ne-cbb.com
3500,A+,www.nv-ubs.com
500,O+,www.nh-arc.com
750,B+,www.nj-tbcnj.com
1250,A-,www.nj-cjbc.com
1000,O+,www.nj-cbs.com
500,AB+,www.nj-nybc.com
2000,B+,www.nm-ubs.com
1750,A+,www.ny-arc.com
1000,AB-,www.ny-cbbnpwny.com
2750,O-,www.ny-cbs.com
1750,B-,www.ny-hc.com
500,B+,www.ny-nybc.com
1250,A+,www.ny-un.com
1250,O+,www.nc-urbs.com
1000,B+,www.nc-cbcc.com
3250,A-,www.nc-arc.com
750,O+,www.nd-ubs.com
4500,AB+,www.oh-arc.com
2000,B+,www.oh-cbc.com
4000,A+,www.oh-hbc.com
1000,AB-,www.oh-lcbs.com
1250,O-,www.ok-arc.com
500,B-,www.ok-obi.com
1250,B+,www.or-arc.com
500,A+,www.or-lbcbn.com
500,O+,www.pa-arc.com
500,B+,www.pa-cbb.com
1250,A-,www.pa-cpbb.com
750,O+,www.pa-cbbnpwny.com
1000,AB+,www.pa-kbb.com
3000,B+,www.ri-ribc.com
1000,A+,www.sc-cbcc.com
1250,AB-,www.sc-arc.com
1250,O-,www.sc-tba.com
1000,B-,www.sc-tbci.com
1250,B+,www.sc-pbc.com
500,A+,www.sc-scbc.com
500,O+,www.sd-ubs.com
500,B+,www.tn-arc.com
500,A-,www.tn-bai.com
500,O+,www.tn-lb.com
500,AB+,www.tn-lbs.com
750,B+,www.tn-mrbc.com
1500,A+,www.tx-tbchgcrbc.com
1250,AB-,www.tx-btcct.com
1250,O-,www.tx-cb.com
750,B-,www.tx-cbbc.com
1000,B+,www.tx-cmbc.com
750,A+,www.tx-gcrbc.com
1250,O+,www.tx-lbc.com
500,B+,www.tx-stbtc.com
2250,A-,www.tx-tbi.com
250,O+,www.tx-trbc.com
250,AB+,www.tx-ubc.com
500,B+,www.ut-arc.com
500,A+,www.ut-absal.com
1000,AB-,www.ut-msbs.com
2250,O-,www.vt-arc.com
1250,B-,www.vt-uvi.com
4000,B+,www.va-arc.com
1250,A+,www.va-bbd.com
1000,O+,www.va-ibds.com
2000,B+,www.va-jmh.com
1750,A-,www.va-vbs.com
500,O+,www.wa-arc.com
500,AB+,www.wa-bn.com
4000,B+,www.wa-crbs.com
1000,A+,www.wa-inbc.com
1750,AB-,www.wv-cbb.com
1750,O-,www.wi-arc.com
1500,B-,www.wi-bcw.com
1500,B+,www.wi-cbc.com
1750,A+,www.wi-mbc.com
500,O+,www.wi-mvrbc.com
750,B+,www.wy-ubs.com
750,A-,www.al-arc.com
1750,O+,www.al-bainc.com
250,AB+,www.al-lcbc.com
750,B+,www.al-ubs.com
1000,A+,www.ak-bba.com
9500,AB-,www.az-arc.com
1500,O-,www.az-ubs.com
250,B-,www.ar-arc.com
250,B+,www.ar-cbco.com
250,A+,www.ar-life.com
250,O+,www.ar-ubs.com
250,B+,www.ca-arc.com
250,A-,www.ca-ls.com
250,O+,www.ca-bbr.com
250,AB+,www.ca-bcp.com
500,B+,www.ca-bs.com
1250,A+,www.ca-ccbc.com
500,AB-,www.ca-cbb.com
1000,O-,www.ca-dbb.com
500,B-,www.ca-hc.com
1500,B+,www.ca-hvbb.com
750,A+,www.ca-sdbb.com
500,O+,www.ca-mcbc.com
4000,B+,www.ca-ncbb.com
1500,A-,www.ca-ubs.com
500,O+,www.co-bbc.com
750,AB+,www.co-ubs.com
3250,B+,www.co-chc.com
1500,A+,www.ct-arc.com
500,AB-,www.de-bbd.com
3750,O-,www.fl-tba.com
1000,B-,www.fl-cbcsf.com
500,B+,www.fl-ob.com
1250,A+,www.fl-fbc.com
500,O+,www.fl-lcbc.com
750,B+,www.fl.nfbc.com
500,A-,www.fl-usbb.com
1000,O+,www.fl-scbc.com
1000,AB+,www.fl-scbb.com
750,B+,www.fl-rbcc.com
1250,A+,www.ga-arc.com
250,AB-,www.ga-bai.com
250,O-,www.ga-lcbc.com
250,B-,www.ga-scbc.com
250,B+,www.ga-scbc.com
250,A+,www.hi-bbh.com
250,O+,www.id-arc.com
250,B+,www.id-inbc.com
250,A-,www.il-arc.com
1750,O+,www.il-cicbc.com
250,AB+,www.il-cbsi.com
250,B+,www.il-hbc.com
750,A+,www.il-ls.com
1750,AB-,www.il-mvrbc.com
1000,O-,www.il-rrvbc.com
1000,B-,www.in-arc.com
500,B+,www.in-cbc.com
1000,A+,www-in-hbc.com
1000,O+,www.in-ibc.com
2500,B+,www.in-sbmf.com
500,A-,www.ia-lbc.com
750,O+,www.mvrbc.com
2000,AB+,www.ia-scbb.com
750,B+,www.ks-arc.com
500,A+,www.ks-cbc.com
1250,AB-,www.ky-arc.com
2000,O-,www.ky-hbc.com
750,B-,www.ky-kbc.com
1250,B+,www.ky-wkrbc.com
750,A+,www.la-tbc.com
250,O+,www.la-lbc.com
250,B+,www.la-ubs.com
250,A-,www.me-arc.com
250,O+,www.me-hc.com
250,AB+,www.md-arc.com
250,B+,www.md-bbd.com
250,A+,www.ma-arc.com
1000,AB-,www.mi-arc.com
250,O-,www.mi-mb.com
250,B-,www.mn-arc.com
250,B+,www.mn-mbc.com
250,A+,www.ms-tbc.com
250,O+,www.ms-lb.com
500,B+,www.ms-mbs.com
500,A-,www.ms-ubs.com
500,O+,www.mo-arc.com
500,AB+,www.mo-cbc.com
500,B+,www.mo-cbco.com
1000,A+,www.mo-mvrbc.com
1250,AB-,www.mt-arc.com
500,O-,www.mt-ubs.com
1250,B-,www.ne-arc.com
750,B+,www.ne-cbb.com
750,A+,www.nv-ubs.com
500,O+,www.nh-arc.com
500,B+,www.nj-tbcnj.com
1750,A-,www.nj-cjbc.com
1000,O+,www.nj-cbs.com
500,AB+,www.nj-nybc.com
1750,B+,www.nm-ubs.com
500,A+,www.ny-arc.com
750,AB-,www.ny-cbbnpwny.com
3500,O-,www.ny-cbs.com
2000,B-,www.ny-hc.com
750,B+,www.ny-nybc.com
750,A+,www.ny-un.com
500,O+,www.nc-urbs.com
750,B+,www.nc-cbcc.com
3000,A-,www.nc-arc.com
750,O+,www.nd-ubs.com
500,AB+,www.oh-arc.com
500,B+,www.oh-cbc.com
2000,A+,www.oh-hbc.com
750,AB-,www.oh-lcbs.com
750,O-,www.ok-arc.com
750,B-,www.ok-obi.com
500,B+,www.or-arc.com
250,A+,www.or-lbcbn.com
250,O+,www.pa-arc.com
250,B+,www.pa-cbb.com
250,A-,www.pa-cpbb.com
250,O+,www.pa-cbbnpwny.com
250,AB+,www.pa-kbb.com
250,B+,www.ri-ribc.com
250,A+,www.sc-cbcc.com
250,AB-,www.sc-arc.com
250,O-,www.sc-tba.com
250,B-,www.sc-tbci.com
250,B+,www.sc-pbc.com
1250,A+,www.sc-scbc.com
1000,O+,www.sd-ubs.com
1000,B+,www.tn-arc.com
250,A-,www.tn-bai.com
500,O+,www.tn-lb.com
1250,AB+,www.tn-lbs.com
750,B+,www.tn-mrbc.com
750,A+,www.tx-tbchgcrbc.com
750,AB-,www.tx-btcct.com
500,O-,www.tx-cb.com
1250,B-,www.tx-cbbc.com
1500,B+,www.tx-cmbc.com
250,A+,www.tx-gcrbc.com
250,O+,www.tx-lbc.com
250,B+,www.tx-stbtc.com
250,A-,www.tx-tbi.com
250,O+,www.tx-trbc.com
250,AB+,www.tx-ubc.com
250,B+,www.ut-arc.com
250,A+,www.ut-absal.com
1000,AB-,www.ut-msbs.com
1500,O-,www.vt-arc.com
750,B-,www.vt-uvi.com
500,B+,www.va-arc.com
750,A+,www.va-bbd.com
500,O+,www.va-ibds.com
750,B+,www.va-jmh.com
1000,A-,www.va-vbs.com
750,O+,www.wa-arc.com
500,AB+,www.wa-bn.com
750,B+,www.wa-crbs.com
250,A+,www.wa-inbc.com
250,AB-,www.wv-cbb.com
250,O-,www.wi-arc.com
250,B-,www.wi-bcw.com
10750,B+,www.wi-cbc.com
5500,A+,www.wi-mbc.com
8500,O+,www.wi-mvrbc.com
11000,B+,www.wy-ubs.com
6500,A-,www.al-arc.com
10250,O+,www.al-bainc.com
5250,AB+,www.al-lcbc.com
2750,B+,www.al-ubs.com
5250,A+,www.ak-bba.com
3250,AB-,www.az-arc.com
1000,O-,www.az-ubs.com
2750,B-,www.ar-arc.com
2750,B+,www.ar-cbco.com
3500,A+,www.ar-life.com
4000,O+,www.ar-ubs.com
1500,B+,www.ca-arc.com
1250,A-,www.ca-ls.com
8250,O+,www.ca-bbr.com
2500,AB+,www.ca-bcp.com
2500,B+,www.ca-bs.com
2750,A+,www.ca-ccbc.com
2750,AB-,www.ca-cbb.com
3250,O-,www.ca-dbb.com
2500,B-,www.ca-hc.com
2250,B+,www.ca-hvbb.com
1000,A+,www.ca-sdbb.com
1250,O+,www.ca-mcbc.com
3750,B+,www.ca-ncbb.com
6000,A-,www.ca-ubs.com
1500,O+,www.co-bbc.com
1250,AB+,www.co-ubs.com
1000,B+,www.co-chc.com
2000,A+,www.ct-arc.com
1000,AB-,www.de-bbd.com
1500,O-,www.fl-tba.com
1250,B-,www.fl-cbcsf.com
1750,B+,www.fl-ob.com
1500,A+,www.fl-fbc.com
2000,O+,www.fl-lcbc.com
500,B+,www.fl.nfbc.com
1500,A-,www.fl-usbb.com
2500,O+,www.fl-scbc.com
4000,AB+,www.fl-scbb.com
500,B+,www.fl-rbcc.com
3500,A+,www.ga-arc.com
500,AB-,www.ga-bai.com
3500,O-,www.ga-lcbc.com
750,B-,www.ga-scbc.com
3000,B+,www.ga-scbc.com
1750,A+,www.hi-bbh.com
1000,O+,www.id-arc.com
1500,B+,www.id-inbc.com
1500,A-,www.il-arc.com
750,O+,www.il-cicbc.com
1000,AB+,www.il-cbsi.com
1000,B+,www.il-hbc.com
1500,A+,www.il-ls.com
1500,AB-,www.il-mvrbc.com
1250,O-,www.il-rrvbc.com
2000,B-,www.in-arc.com
2750,B+,www.in-cbc.com
2250,A+,www-in-hbc.com
4000,O+,www.in-ibc.com
2500,B+,www.in-sbmf.com
3500,A-,www.ia-lbc.com
2250,O+,www.mvrbc.com
1500,AB+,www.ia-scbb.com
2250,B+,www.ks-arc.com
1500,A+,www.ks-cbc.com
1500,AB-,www.ky-arc.com
1500,O-,www.ky-hbc.com
500,B-,www.ky-kbc.com
500,B+,www.ky-wkrbc.com
500,A+,www.la-tbc.com
500,O+,www.la-lbc.com
1500,B+,www.la-ubs.com
1000,A-,www.me-arc.com
2250,O+,www.me-hc.com
1250,AB+,www.md-arc.com
750,B+,www.md-bbd.com
250,A+,www.ma-arc.com
250,AB-,www.mi-arc.com
250,O-,www.mi-mb.com
250,B-,www.mn-arc.com
250,B+,www.mn-mbc.com
250,A+,www.ms-tbc.com
250,O+,www.ms-lb.com
250,B+,www.ms-mbs.com
250,A-,www.ms-ubs.com
250,O+,www.mo-arc.com
250,AB+,www.mo-cbc.com
2750,B+,www.mo-cbco.com
750,A+,www.mo-mvrbc.com
2750,AB-,www.mt-arc.com
2750,O-,www.mt-ubs.com
1250,B-,www.ne-arc.com
250,B+,www.ne-cbb.com
1500,A+,www.nv-ubs.com
750,O+,www.nh-arc.com
2750,B+,www.nj-tbcnj.com
500,A-,www.nj-cjbc.com
1500,O+,www.nj-cbs.com
750,AB+,www.nj-nybc.com
2000,B+,www.nm-ubs.com
500,A+,www.ny-arc.com
2750,AB-,www.ny-cbbnpwny.com
1750,O-,www.ny-cbs.com
1750,B-,www.ny-hc.com
250,B+,www.ny-nybc.com
250,A+,www.ny-un.com
250,O+,www.nc-urbs.com
250,B+,www.nc-cbcc.com
250,A-,www.nc-arc.com
250,O+,www.nd-ubs.com
250,AB+,www.oh-arc.com
250,B+,www.oh-cbc.com
250,A+,www.oh-hbc.com
250,AB-,www.oh-lcbs.com
250,O-,www.ok-arc.com
250,B-,www.ok-obi.com
1750,B+,www.or-arc.com
250,A+,www.or-lbcbn.com
1000,O+,www.pa-arc.com
1500,B+,www.pa-cbb.com
750,A-,www.pa-cpbb.com
1250,O+,www.pa-cbbnpwny.com
2250,AB+,www.pa-kbb.com
500,B+,www.ri-ribc.com
1250,A+,www.sc-cbcc.com
2750,AB-,www.sc-arc.com
2250,O-,www.sc-tba.com
500,B-,www.sc-tbci.com
750,B+,www.sc-pbc.com
3750,A+,www.sc-scbc.com
750,O+,www.sd-ubs.com
4000,B+,www.tn-arc.com
1250,A-,www.tn-bai.com
1750,O+,www.tn-lb.com
1000,AB+,www.tn-lbs.com
2250,B+,www.tn-mrbc.com
2000,A+,www.tx-tbchgcrbc.com
1250,AB-,www.tx-btcct.com
1500,O-,www.tx-cb.com
1250,B-,www.tx-cbbc.com
500,B+,www.tx-cmbc.com
500,A+,www.tx-gcrbc.com
500,O+,www.tx-lbc.com
500,B+,www.tx-stbtc.com
750,A-,www.tx-tbi.com
2000,O+,www.tx-trbc.com
250,AB+,www.tx-ubc.com
1250,B+,www.ut-arc.com
1000,A+,www.ut-absal.com
500,AB-,www.ut-msbs.com
750,O-,www.vt-arc.com
4000,B-,www.vt-uvi.com
500,B+,www.va-arc.com
2000,A+,www.va-bbd.com
750,O+,www.va-ibds.com
1750,B+,www.va-jmh.com
1250,A-,www.va-vbs.com
500,O+,www.wa-arc.com
750,AB+,www.wa-bn.com
2000,B+,www.wa-crbs.com
250,A+,www.wa-inbc.com
250,AB-,www.wv-cbb.com
250,O-,www.wi-arc.com
250,B-,www.wi-bcw.com
250,B+,www.wi-cbc.com
750,A+,www.wi-mbc.com
750,O+,www.wi-mvrbc.com
1000,B+,www.wy-ubs.com
3750,A-,www.al-arc.com
3500,O+,www.al-bainc.com
2500,AB+,www.al-lcbc.com
750,B+,www.al-ubs.com
750,A+,www.ak-bba.com
4750,AB-,www.az-arc.com
1750,O-,www.az-ubs.com
750,B-,www.ar-arc.com
3500,B+,www.ar-cbco.com
500,A+,www.ar-life.com
500,O+,www.ar-ubs.com
750,B+,www.ca-arc.com
1000,A-,www.ca-ls.com
1750,O+,www.ca-bbr.com
1750,AB+,www.ca-bcp.com
1500,B+,www.ca-bs.com
750,A+,www.ca-ccbc.com
250,AB-,www.ca-cbb.com
250,O-,www.ca-dbb.com
250,B-,www.ca-hc.com
250,B+,www.ca-hvbb.com
250,A+,www.ca-sdbb.com
250,O+,www.ca-mcbc.com
1750,B+,www.ca-ncbb.com
750,A-,www.ca-ubs.com
750,O+,www.co-bbc.com
1750,AB+,www.co-ubs.com
500,B+,www.co-chc.com
750,A+,www.ct-arc.com
250,AB-,www.de-bbd.com
250,O-,www.fl-tba.com
250,B-,www.fl-cbcsf.com
250,B+,www.fl-ob.com
250,A+,www.fl-fbc.com
500,O+,www.fl-lcbc.com
1000,B+,www.fl.nfbc.com
500,A-,www.fl-usbb.com
1500,O+,www.fl-scbc.com
500,AB+,www.fl-scbb.com
1500,B+,www.fl-rbcc.com
500,A+,www.ga-arc.com
1500,AB-,www.ga-bai.com
1000,O-,www.ga-lcbc.com
1250,B-,www.ga-scbc.com
500,B+,www.ga-scbc.com
750,A+,www.hi-bbh.com
750,O+,www.id-arc.com
2000,B+,www.id-inbc.com
750,A-,www.il-arc.com
750,O+,www.il-cicbc.com
750,AB+,www.il-cbsi.com
500,B+,www.il-hbc.com
250,A+,www.il-ls.com
250,AB-,www.il-mvrbc.com
1500,O-,www.il-rrvbc.com
250,B-,www.in-arc.com
250,B+,www.in-cbc.com
750,A+,www-in-hbc.com
500,O+,www.in-ibc.com
750,B+,www.in-sbmf.com
250,A-,www.ia-lbc.com
250,O+,www.mvrbc.com
250,AB+,www.ia-scbb.com
250,B+,www.ks-arc.com
250,A+,www.ks-cbc.com
250,AB-,www.ky-arc.com
250,O-,www.ky-hbc.com
1000,B-,www.ky-kbc.com
250,B+,www.ky-wkrbc.com
1750,A+,www.la-tbc.com
750,O+,www.la-lbc.com
500,B+,www.la-ubs.com
500,A-,www.me-arc.com
750,O+,www.me-hc.com
250,AB+,www.md-arc.com
250,B+,www.md-bbd.com
